Workbook

Sheet Dashboard
B2: Painel de Tarefas — CRM Letícia
B3: Visão consolidada por módulo, status e prioridade.
B5: Indicadores principais
B6: Total de Tarefas | C6: Abertas | D6: Em Andamento | E6: Concluídas | F6: Atrasadas
B7: =COUNTA(Tarefas!$C$5:$C$204) -> 10 | C7: =COUNTIF(Tarefas!$H$5:$H$204,"Aberto") -> 6 | D7: =COUNTIF(Tarefas!$H$5:$H$204,"Em Andamento") -> 3 | E7: =COUNTIF(Tarefas!$H$5:$H$204,"Concluído") -> 0 | F7: =COUNTIFS(Tarefas!$G$5:$G$204,"<"&TODAY(),Tarefas!$H$5:$H$204,"<>Concluído",Tarefas!$H$5:$H$204,"<>Cancelado",Tarefas!$H$5:$H$204,"<>") -> 1
B9: Tarefas por Módulo | G9: Por Status | I9: Por Prioridade
B10: Módulo | C10: Total | D10: Abertas/Andamento | E10: Concluídas | G10: Status | H10: Total | I10: Prioridade | J10: Total
B11: TopconFleet | C11: =COUNTIF(Tarefas!$B$5:$B$204,B11) -> 2 | D11: =COUNTIFS(Tarefas!$B$5:$B$204,B11,Tarefas!$H$5:$H$204,"Aberto")+COUNTIFS(Tarefas!$B$5:$B$204,B11,Tarefas!$H$5:$H$204,"Em Andamento")+COUNTIFS(Tarefas!$B$5:$B$204,B11,Tarefas!$H$5:$H$204,"Aguardando") -> 2 | E11: =COUNTIFS(Tarefas!$B$5:$B$204,B11,Tarefas!$H$5:$H$204,"Concluído") -> 0 | G11: Aberto | H11: =COUNTIF(Tarefas!$H$5:$H$204,G11) -> 6 | I11: Alta | J11: =COUNTIF(Tarefas!$I$5:$I$204,I11) -> 6
B12: TopconBatch | C12: =COUNTIF(Tarefas!$B$5:$B$204,B12) -> 1 | D12: =COUNTIFS(Tarefas!$B$5:$B$204,B12,Tarefas!$H$5:$H$204,"Aberto")+COUNTIFS(Tarefas!$B$5:$B$204,B12,Tarefas!$H$5:$H$204,"Em Andamento")+COUNTIFS(Tarefas!$B$5:$B$204,B12,Tarefas!$H$5:$H$204,"Aguardando") -> 1 | E12: =COUNTIFS(Tarefas!$B$5:$B$204,B12,Tarefas!$H$5:$H$204,"Concluído") -> 0 | G12: Em Andamento | H12: =COUNTIF(Tarefas!$H$5:$H$204,G12) -> 3 | I12: Média | J12: =COUNTIF(Tarefas!$I$5:$I$204,I12) -> 3
B13: Topcon | C13: =COUNTIF(Tarefas!$B$5:$B$204,B13) -> 1 | D13: =COUNTIFS(Tarefas!$B$5:$B$204,B13,Tarefas!$H$5:$H$204,"Aberto")+COUNTIFS(Tarefas!$B$5:$B$204,B13,Tarefas!$H$5:$H$204,"Em Andamento")+COUNTIFS(Tarefas!$B$5:$B$204,B13,Tarefas!$H$5:$H$204,"Aguardando") -> 1 | E13: =COUNTIFS(Tarefas!$B$5:$B$204,B13,Tarefas!$H$5:$H$204,"Concluído") -> 0 | G13: Aguardando | H13: =COUNTIF(Tarefas!$H$5:$H$204,G13) -> 1 | I13: Baixa | J13: =COUNTIF(Tarefas!$I$5:$I$204,I13) -> 1
B14: Zendesk | C14: =COUNTIF(Tarefas!$B$5:$B$204,B14) -> 2 | D14: =COUNTIFS(Tarefas!$B$5:$B$204,B14,Tarefas!$H$5:$H$204,"Aberto")+COUNTIFS(Tarefas!$B$5:$B$204,B14,Tarefas!$H$5:$H$204,"Em Andamento")+COUNTIFS(Tarefas!$B$5:$B$204,B14,Tarefas!$H$5:$H$204,"Aguardando") -> 2 | E14: =COUNTIFS(Tarefas!$B$5:$B$204,B14,Tarefas!$H$5:$H$204,"Concluído") -> 0 | G14: Concluído | H14: =COUNTIF(Tarefas!$H$5:$H$204,G14) -> 0
B15: Administrativo | C15: =COUNTIF(Tarefas!$B$5:$B$204,B15) -> 1 | D15: =COUNTIFS(Tarefas!$B$5:$B$204,B15,Tarefas!$H$5:$H$204,"Aberto")+COUNTIFS(Tarefas!$B$5:$B$204,B15,Tarefas!$H$5:$H$204,"Em Andamento")+COUNTIFS(Tarefas!$B$5:$B$204,B15,Tarefas!$H$5:$H$204,"Aguardando") -> 1 | E15: =COUNTIFS(Tarefas!$B$5:$B$204,B15,Tarefas!$H$5:$H$204,"Concluído") -> 0 | G15: Cancelado | H15: =COUNTIF(Tarefas!$H$5:$H$204,G15) -> 0
B16: Assistente Comercial | C16: =COUNTIF(Tarefas!$B$5:$B$204,B16) -> 1 | D16: =COUNTIFS(Tarefas!$B$5:$B$204,B16,Tarefas!$H$5:$H$204,"Aberto")+COUNTIFS(Tarefas!$B$5:$B$204,B16,Tarefas!$H$5:$H$204,"Em Andamento")+COUNTIFS(Tarefas!$B$5:$B$204,B16,Tarefas!$H$5:$H$204,"Aguardando") -> 1 | E16: =COUNTIFS(Tarefas!$B$5:$B$204,B16,Tarefas!$H$5:$H$204,"Concluído") -> 0
B17: Vendas | C17: =COUNTIF(Tarefas!$B$5:$B$204,B17) -> 2 | D17: =COUNTIFS(Tarefas!$B$5:$B$204,B17,Tarefas!$H$5:$H$204,"Aberto")+COUNTIFS(Tarefas!$B$5:$B$204,B17,Tarefas!$H$5:$H$204,"Em Andamento")+COUNTIFS(Tarefas!$B$5:$B$204,B17,Tarefas!$H$5:$H$204,"Aguardando") -> 2 | E17: =COUNTIFS(Tarefas!$B$5:$B$204,B17,Tarefas!$H$5:$H$204,"Concluído") -> 0
B18: Total | C18: =SUM(C11:C17) -> 10 | D18: =SUM(D11:D17) -> 10 | E18: =SUM(E11:E17) -> 0

Sheet Tarefas
A1: CRM Letícia — Controle de Tarefas
A2: TopconFleet · TopconBatch · Topcon · Zendesk · Administrativo · Assistente Comercial · Vendas
A4: ID | B4: Módulo | C4: Tarefa | D4: Cliente/Contato | E4: Responsável | F4: Data de Criação | G4: Prazo | H4: Status | I4: Prioridade | J4: Dias p/ Prazo | K4: Observações / Próximos Passos
A5: 1 | B5: TopconFleet | C5: Configurar telemetria nova frota - Cliente ABC | D5: João Almeida — Construtora ABC | E5: Equipe Suporte | F5: 46161 | G5: 46164 | H5: Em Andamento | I5: Alta | J5: =IF(G5="","",IF(OR(H5="Concluído",H5="Cancelado"),"",G5-TODAY())) -> 1
A6: 2 | B6: TopconBatch | C6: Implantação módulo de batelada - Cliente XPTO | D6: Maria Souza — Empresa XPTO | E6: Letícia | F6: 46162 | G6: 46165 | H6: Aberto | I6: Alta | J6: =IF(G6="","",IF(OR(H6="Concluído",H6="Cancelado"),"",G6-TODAY())) -> 2
A7: 3 | B7: Topcon | C7: Atualização licença software MAGNET | D7: Carla Mendes — Construtora MN | E7: Equipe Suporte | F7: 46163 | G7: 46166 | H7: Aberto | I7: Média | J7: =IF(G7="","",IF(OR(H7="Concluído",H7="Cancelado"),"",G7-TODAY())) -> 3
A8: 4 | B8: Zendesk | C8: Responder ticket #4521 - integração API | D8: Maria Souza — Empresa XPTO | E8: Equipe Suporte | F8: 46162 | G8: 46163 | H8: Aberto | I8: Alta | J8: =IF(G8="","",IF(OR(H8="Concluído",H8="Cancelado"),"",G8-TODAY())) -> 0
A9: 5 | B9: Administrativo | C9: Enviar nota fiscal mês 05/2026 | D9: Cliente interno | E9: Equipe Admin | F9: 46163 | G9: 46166 | H9: Aberto | I9: Média | J9: =IF(G9="","",IF(OR(H9="Concluído",H9="Cancelado"),"",G9-TODAY())) -> 3
A10: 6 | B10: Assistente Comercial | C10: Análise pedido de cancelamento contrato #889 | D10: Pedro Lima — Construtora YZ | E10: Assistente Comercial | F10: 46160 | G10: 46162 | H10: Aberto | I10: Alta | J10: =IF(G10="","",IF(OR(H10="Concluído",H10="Cancelado"),"",G10-TODAY())) -> -1
A11: 7 | B11: Vendas | C11: Follow-up proposta comercial Topcon Suite | D11: João Almeida — Construtora ABC | E11: Letícia | F11: 46161 | G11: 46164 | H11: Em Andamento | I11: Alta | J11: =IF(G11="","",IF(OR(H11="Concluído",H11="Cancelado"),"",G11-TODAY())) -> 1
A12: 8 | B12: Vendas | C12: Demonstração software MAGNET Field | D12: Carla Mendes — Construtora MN | E12: Letícia | F12: 46162 | G12: 46165 | H12: Aberto | I12: Alta | J12: =IF(G12="","",IF(OR(H12="Concluído",H12="Cancelado"),"",G12-TODAY())) -> 2
A13: 9 | B13: TopconFleet | C13: Renovação contrato anual rastreamento | D13: Pedro Lima — Construtora YZ | E13: Assistente Comercial | F13: 46159 | G13: 46170 | H13: Em Andamento | I13: Média | J13: =IF(G13="","",IF(OR(H13="Concluído",H13="Cancelado"),"",G13-TODAY())) -> 7
A14: 10 | B14: Zendesk | C14: Atualizar artigo da base de conhecimento | D14: — | E14: Equipe Suporte | F14: 46158 | G14: 46173 | H14: Aguardando | I14: Baixa | J14: =IF(G14="","",IF(OR(H14="Concluído",H14="Cancelado"),"",G14-TODAY())) -> 10
A15: =IF(C15="","",MAX($A$5:A14)+1) | F15: =IF(C15="","",IF(F14="",TODAY(),F15)) | J15: =IF(G15="","",IF(OR(H15="Concluído",H15="Cancelado"),"",G15-TODAY()))
A16: =IF(C16="","",MAX($A$5:A15)+1) | F16: =IF(C16="","",IF(F15="",TODAY(),F16)) | J16: =IF(G16="","",IF(OR(H16="Concluído",H16="Cancelado"),"",G16-TODAY()))
A17: =IF(C17="","",MAX($A$5:A16)+1) | F17: =IF(C17="","",IF(F16="",TODAY(),F17)) | J17: =IF(G17="","",IF(OR(H17="Concluído",H17="Cancelado"),"",G17-TODAY()))
A18: =IF(C18="","",MAX($A$5:A17)+1) | F18: =IF(C18="","",IF(F17="",TODAY(),F18)) | J18: =IF(G18="","",IF(OR(H18="Concluído",H18="Cancelado"),"",G18-TODAY()))
A19: =IF(C19="","",MAX($A$5:A18)+1) | F19: =IF(C19="","",IF(F18="",TODAY(),F19)) | J19: =IF(G19="","",IF(OR(H19="Concluído",H19="Cancelado"),"",G19-TODAY()))
A20: =IF(C20="","",MAX($A$5:A19)+1) | F20: =IF(C20="","",IF(F19="",TODAY(),F20)) | J20: =IF(G20="","",IF(OR(H20="Concluído",H20="Cancelado"),"",G20-TODAY()))
A21: =IF(C21="","",MAX($A$5:A20)+1) | F21: =IF(C21="","",IF(F20="",TODAY(),F21)) | J21: =IF(G21="","",IF(OR(H21="Concluído",H21="Cancelado"),"",G21-TODAY()))
A22: =IF(C22="","",MAX($A$5:A21)+1) | F22: =IF(C22="","",IF(F21="",TODAY(),F22)) | J22: =IF(G22="","",IF(OR(H22="Concluído",H22="Cancelado"),"",G22-TODAY()))
A23: =IF(C23="","",MAX($A$5:A22)+1) | F23: =IF(C23="","",IF(F22="",TODAY(),F23)) | J23: =IF(G23="","",IF(OR(H23="Concluído",H23="Cancelado"),"",G23-TODAY()))
A24: =IF(C24="","",MAX($A$5:A23)+1) | F24: =IF(C24="","",IF(F23="",TODAY(),F24)) | J24: =IF(G24="","",IF(OR(H24="Concluído",H24="Cancelado"),"",G24-TODAY()))
A25: =IF(C25="","",MAX($A$5:A24)+1) | F25: =IF(C25="","",IF(F24="",TODAY(),F25)) | J25: =IF(G25="","",IF(OR(H25="Concluído",H25="Cancelado"),"",G25-TODAY()))
A26: =IF(C26="","",MAX($A$5:A25)+1) | F26: =IF(C26="","",IF(F25="",TODAY(),F26)) | J26: =IF(G26="","",IF(OR(H26="Concluído",H26="Cancelado"),"",G26-TODAY()))
... A204: =IF(C204="","",MAX($A$5:A203)+1) | F204: =IF(C204="","",IF(F203="",TODAY(),F204)) | J204: =IF(G204="","",IF(OR(H204="Concluído",H204="Cancelado"),"",G204-TODAY()))

Sheet Clientes
A1: Cadastro de Clientes / Contatos
A2: Lista de referência rápida — use ao registrar tarefas na aba 'Tarefas'.
A4: ID | B4: Nome / Empresa | C4: Contato Principal | D4: E-mail | E4: Telefone | F4: Módulo Principal | G4: Observações
A5: 1 | B5: Construtora ABC | C5: João Almeida | D5: joao@construtoraabc.com.br | E5: (11) 99988-7766 | F5: Vendas | G5: Cliente em prospecção — interesse em Topcon Suite + TopconFleet.
A6: 2 | B6: Empresa XPTO | C6: Maria Souza | D6: maria.souza@xpto.com | E6: (21) 98877-1122 | F6: Zendesk | G6: Suporte recorrente + implantação TopconBatch.
A7: 3 | B7: Construtora YZ | C7: Pedro Lima | D7: pedro@construtorayz.com.br | E7: (31) 97766-2233 | F7: Assistente Comercial | G7: Solicitou análise de cancelamento.
A8: 4 | B8: Construtora MN | C8: Carla Mendes | D8: carla.mendes@cmn.com.br | E8: (41) 96655-3344 | F8: Vendas | G8: Demo MAGNET agendada.
A9: =IF(B9="","",MAX($A$5:A8)+1)
A10: =IF(B10="","",MAX($A$5:A9)+1)
A11: =IF(B11="","",MAX($A$5:A10)+1)
A12: =IF(B12="","",MAX($A$5:A11)+1)
A13: =IF(B13="","",MAX($A$5:A12)+1)
A14: =IF(B14="","",MAX($A$5:A13)+1)
A15: =IF(B15="","",MAX($A$5:A14)+1)
A16: =IF(B16="","",MAX($A$5:A15)+1)
A17: =IF(B17="","",MAX($A$5:A16)+1)
A18: =IF(B18="","",MAX($A$5:A17)+1)
A19: =IF(B19="","",MAX($A$5:A18)+1)
A20: =IF(B20="","",MAX($A$5:A19)+1)
... A104: =IF(B104="","",MAX($A$5:A103)+1)

Sheet Histórico
A1: Histórico de Tarefas Concluídas
A2: Quando uma tarefa for concluída, mova/cole aqui para manter a aba 'Tarefas' limpa.
A4: ID | B4: Módulo | C4: Tarefa | D4: Cliente/Contato | E4: Responsável | F4: Data Criação | G4: Prazo | H4: Data Conclusão | I4: Prioridade | J4: Resultado | K4: Observações

Sheet Configurações
A1: Módulos | B1: Status | C1: Prioridade | D1: Responsáveis
A2: TopconFleet | B2: Aberto | C2: Alta | D2: Letícia | F2: Dica:
A3: TopconBatch | B3: Em Andamento | C3: Média | D3: Equipe Admin | F3: Adicione ou remova itens nas colunas acima para personalizar
A4: Topcon | B4: Aguardando | C4: Baixa | D4: Equipe Vendas | F4: as listas suspensas das abas Tarefas, Clientes e Histórico.
A5: Zendesk | B5: Concluído | D5: Equipe Suporte
A6: Administrativo | B6: Cancelado | D6: Assistente Comercial
A7: Assistente Comercial
A8: Vendas
